{
  "AF": { "name": "Afghanistan", "cities": ["Kabul", "Kandahar", "Herat"] },
  "AL": { "name": "Albanie", "cities": ["Tirana", "Durrës", "Vlorë"] },
  "DZ": { "name": "Algérie", "cities": ["Alger", "Oran", "Constantine"] },
  "AD": { "name": "Andorre", "cities": ["Andorre-la-Vieille"] },
  "AO": { "name": "Angola", "cities": ["Luanda", "Huambo", "Lobito"] },
  "AR": { "name": "Argentine", "cities": ["Buenos Aires", "Córdoba", "Rosario", "Mendoza", "La Plata"] },
  "AM": { "name": "Arménie", "cities": ["Erevan", "Gyumri"] },
  "AU": { "name": "Australie", "cities": ["Sydney", "Melbourne", "Brisbane", "Perth", "Adélaïde", "Gold Coast"] },
  "AT": { "name": "Autriche", "cities": ["Vienne", "Graz", "Linz", "Salzbourg", "Innsbruck"] },
  "AZ": { "name": "Azerbaïdjan", "cities": ["Bakou", "Gandja"] },
  "BH": { "name": "Bahreïn", "cities": ["Manama"] },
  "BD": { "name": "Bangladesh", "cities": ["Dhaka", "Chittagong", "Khulna"] },
  "BY": { "name": "Biélorussie", "cities": ["Minsk", "Gomel", "Moguilev"] },
  "BE": { "name": "Belgique", "cities": ["Bruxelles", "Anvers", "Gand", "Charleroi", "Liège"] },
  "BZ": { "name": "Belize", "cities": ["Belize City"] },
  "BJ": { "name": "Bénin", "cities": ["Porto-Novo", "Cotonou"] },
  "BT": { "name": "Bhoutan", "cities": ["Thimphou"] },
  "BO": { "name": "Bolivie", "cities": ["La Paz", "Santa Cruz", "Cochabamba"] },
  "BA": { "name": "Bosnie-Herzégovine", "cities": ["Sarajevo", "Banja Luka"] },
  "BW": { "name": "Botswana", "cities": ["Gaborone", "Francistown"] },
  "BR": { "name": "Brésil", "cities": ["São Paulo", "Rio de Janeiro", "Brasília", "Salvador", "Fortaleza", "Belo Horizonte", "Manaus", "Curitiba"] },
  "BN": { "name": "Brunéi", "cities": ["Bandar Seri Begawan"] },
  "BG": { "name": "Bulgarie", "cities": ["Sofia", "Plovdiv", "Varna"] },
  "BF": { "name": "Burkina Faso", "cities": ["Ouagadougou", "Bobo-Dioulasso"] },
  "BI": { "name": "Burundi", "cities": ["Bujumbura"] },
  "KH": { "name": "Cambodge", "cities": ["Phnom Penh", "Siem Reap"] },
  "CM": { "name": "Cameroun", "cities": ["Yaoundé", "Douala"] },
  "CA": { "name": "Canada", "cities": ["Toronto", "Montréal", "Vancouver", "Calgary", "Ottawa", "Edmonton", "Québec"] },
  "CV": { "name": "Cap-Vert", "cities": ["Praia"] },
  "CF": { "name": "République centrafricaine", "cities": ["Bangui"] },
  "TD": { "name": "Tchad", "cities": ["N'Djaména"] },
  "CL": { "name": "Chili", "cities": ["Santiago", "Valparaíso", "Concepción"] },
  "CN": { "name": "Chine", "cities": ["Pékin", "Shanghai", "Guangzhou", "Shenzhen", "Chengdu", "Chongqing", "Tianjin", "Hangzhou"] },
  "CO": { "name": "Colombie", "cities": ["Bogotá", "Medellín", "Cali", "Cartagena"] },
  "KM": { "name": "Comores", "cities": ["Moroni"] },
  "CG": { "name": "Congo-Brazzaville", "cities": ["Brazzaville"] },
  "CD": { "name": "Congo-Kinshasa", "cities": ["Kinshasa", "Lubumbashi", "Mbuji-Mayi"] },
  "CR": { "name": "Costa Rica", "cities": ["San José", "Liberia"] },
  "HR": { "name": "Croatie", "cities": ["Zagreb", "Split", "Dubrovnik", "Rijeka"] },
  "CU": { "name": "Cuba", "cities": ["La Havane", "Santiago de Cuba"] },
  "CY": { "name": "Chypre", "cities": ["Nicosie", "Limassol"] },
  "CZ": { "name": "Tchéquie", "cities": ["Prague", "Brno", "Ostrava"] },
  "DK": { "name": "Danemark", "cities": ["Copenhague", "Aarhus", "Odense"] },
  "DJ": { "name": "Djibouti", "cities": ["Djibouti"] },
  "DM": { "name": "Dominique", "cities": ["Roseau"] },
  "DO": { "name": "République dominicaine", "cities": ["Saint-Domingue", "Punta Cana"] },
  "EC": { "name": "Équateur", "cities": ["Quito", "Guayaquil", "Cuenca"] },
  "EG": { "name": "Égypte", "cities": ["Le Caire", "Alexandrie", "Louxor", "Gizeh"] },
  "SV": { "name": "Salvador", "cities": ["San Salvador"] },
  "GQ": { "name": "Guinée équatoriale", "cities": ["Malabo"] },
  "ER": { "name": "Érythrée", "cities": ["Asmara"] },
  "EE": { "name": "Estonie", "cities": ["Tallinn", "Tartu"] },
  "SZ": { "name": "Eswatini", "cities": ["Mbabane"] },
  "ET": { "name": "Éthiopie", "cities": ["Addis-Abeba", "Dire Dawa"] },
  "FJ": { "name": "Fidji", "cities": ["Suva"] },
  "FI": { "name": "Finlande", "cities": ["Helsinki", "Espoo", "Tampere"] },
  "FR": { "name": "France", "cities": ["Paris", "Marseille", "Lyon", "Toulouse", "Nice", "Nantes", "Strasbourg", "Montpellier", "Bordeaux", "Lille"] },
  "GA": { "name": "Gabon", "cities": ["Libreville"] },
  "GM": { "name": "Gambie", "cities": ["Banjul"] },
  "GE": { "name": "Géorgie", "cities": ["Tbilissi", "Batoumi"] },
  "DE": { "name": "Allemagne", "cities": ["Berlin", "Hambourg", "Munich", "Cologne", "Francfort", "Stuttgart", "Düsseldorf", "Dortmund"] },
  "GH": { "name": "Ghana", "cities": ["Accra", "Kumasi"] },
  "GR": { "name": "Grèce", "cities": ["Athènes", "Thessalonique", "Héraklion", "Patras"] },
  "GD": { "name": "Grenade", "cities": ["Saint-Georges"] },
  "GT": { "name": "Guatemala", "cities": ["Guatemala City"] },
  "GN": { "name": "Guinée", "cities": ["Conakry"] },
  "GW": { "name": "Guinée-Bissau", "cities": ["Bissau"] },
  "GY": { "name": "Guyana", "cities": ["Georgetown"] },
  "HT": { "name": "Haïti", "cities": ["Port-au-Prince"] },
  "HN": { "name": "Honduras", "cities": ["Tegucigalpa", "San Pedro Sula"] },
  "HU": { "name": "Hongrie", "cities": ["Budapest", "Debrecen"] },
  "IS": { "name": "Islande", "cities": ["Reykjavik"] },
  "IN": { "name": "Inde", "cities": ["Delhi", "Mumbai", "Bangalore", "Hyderabad", "Chennai", "Kolkata", "Pune", "Ahmedabad", "Jaipur"] },
  "ID": { "name": "Indonésie", "cities": ["Jakarta", "Surabaya", "Bandung", "Medan", "Semarang"] },
  "IR": { "name": "Iran", "cities": ["Téhéran", "Mashhad", "Ispahan"] },
  "IQ": { "name": "Irak", "cities": ["Bagdad", "Mossoul", "Bassora"] },
  "IE": { "name": "Irlande", "cities": ["Dublin", "Cork", "Galway"] },
  "IL": { "name": "Israël", "cities": ["Jérusalem", "Tel Aviv", "Haïfa"] },
  "IT": { "name": "Italie", "cities": ["Rome", "Milan", "Naples", "Turin", "Palerme", "Gênes", "Bologne", "Florence", "Venise", "Vérone"] },
  "JM": { "name": "Jamaïque", "cities": ["Kingston", "Montego Bay"] },
  "JP": { "name": "Japon", "cities": ["Tokyo", "Osaka", "Kyoto", "Yokohama", "Nagoya", "Sapporo", "Fukuoka", "Kobe"] },
  "JO": { "name": "Jordanie", "cities": ["Amman", "Irbid"] },
  "KZ": { "name": "Kazakhstan", "cities": ["Almaty", "Noursoultan", "Chymkent"] },
  "KE": { "name": "Kenya", "cities": ["Nairobi", "Mombasa"] },
  "KI": { "name": "Kiribati", "cities": ["Tarawa"] },
  "KP": { "name": "Corée du Nord", "cities": ["Pyongyang"] },
  "KR": { "name": "Corée du Sud", "cities": ["Séoul", "Busan", "Incheon", "Daegu"] },
  "KW": { "name": "Koweït", "cities": ["Koweït City"] },
  "KG": { "name": "Kirghizistan", "cities": ["Bichkek"] },
  "LA": { "name": "Laos", "cities": ["Vientiane"] },
  "LV": { "name": "Lettonie", "cities": ["Riga", "Daugavpils"] },
  "LB": { "name": "Liban", "cities": ["Beyrouth", "Tripoli"] },
  "LS": { "name": "Lesotho", "cities": ["Maseru"] },
  "LR": { "name": "Liberia", "cities": ["Monrovia"] },
  "LY": { "name": "Libye", "cities": ["Tripoli", "Benghazi"] },
  "LI": { "name": "Liechtenstein", "cities": ["Vaduz"] },
  "LT": { "name": "Lituanie", "cities": ["Vilnius", "Kaunas"] },
  "LU": { "name": "Luxembourg", "cities": ["Luxembourg"] },
  "MG": { "name": "Madagascar", "cities": ["Antananarivo"] },
  "MW": { "name": "Malawi", "cities": ["Lilongwe", "Blantyre"] },
  "MY": { "name": "Malaisie", "cities": ["Kuala Lumpur", "George Town", "Johor Bahru"] },
  "MV": { "name": "Maldives", "cities": ["Malé"] },
  "ML": { "name": "Mali", "cities": ["Bamako"] },
  "MT": { "name": "Malte", "cities": ["La Valette"] },
  "MH": { "name": "Îles Marshall", "cities": ["Majuro"] },
  "MR": { "name": "Mauritanie", "cities": ["Nouakchott"] },
  "MU": { "name": "Maurice", "cities": ["Port-Louis"] },
  "MX": { "name": "Mexique", "cities": ["Mexico", "Guadalajara", "Monterrey", "Puebla", "Tijuana", "Cancún"] },
  "FM": { "name": "Micronésie", "cities": ["Palikir"] },
  "MD": { "name": "Moldavie", "cities": ["Chișinău"] },
  "MC": { "name": "Monaco", "cities": ["Monaco"] },
  "MN": { "name": "Mongolie", "cities": ["Oulan-Bator"] },
  "ME": { "name": "Monténégro", "cities": ["Podgorica", "Nikšić"] },
  "MA": { "name": "Maroc", "cities": ["Casablanca", "Rabat", "Marrakech", "Fès", "Tanger"] },
  "MZ": { "name": "Mozambique", "cities": ["Maputo", "Matola"] },
  "MM": { "name": "Myanmar", "cities": ["Naypyidaw", "Yangon", "Mandalay"] },
  "NA": { "name": "Namibie", "cities": ["Windhoek"] },
  "NR": { "name": "Nauru", "cities": ["Yaren"] },
  "NP": { "name": "Népal", "cities": ["Katmandou", "Pokhara"] },
  "NL": { "name": "Pays-Bas", "cities": ["Amsterdam", "Rotterdam", "La Haye", "Utrecht", "Eindhoven"] },
  "NZ": { "name": "Nouvelle-Zélande", "cities": ["Auckland", "Wellington", "Christchurch"] },
  "NI": { "name": "Nicaragua", "cities": ["Managua"] },
  "NE": { "name": "Niger", "cities": ["Niamey"] },
  "NG": { "name": "Nigeria", "cities": ["Lagos", "Abuja", "Kano", "Ibadan"] },
  "NO": { "name": "Norvège", "cities": ["Oslo", "Bergen", "Trondheim"] },
  "OM": { "name": "Oman", "cities": ["Mascate"] },
  "PK": { "name": "Pakistan", "cities": ["Karachi", "Lahore", "Islamabad", "Faisalabad"] },
  "PW": { "name": "Palaos", "cities": ["Ngerulmud"] },
  "PA": { "name": "Panama", "cities": ["Panama City"] },
  "PG": { "name": "Papouasie-Nouvelle-Guinée", "cities": ["Port Moresby"] },
  "PY": { "name": "Paraguay", "cities": ["Asunción"] },
  "PE": { "name": "Pérou", "cities": ["Lima", "Arequipa", "Cusco", "Trujillo"] },
  "PH": { "name": "Philippines", "cities": ["Manille", "Quezon City", "Davao", "Cebu"] },
  "PL": { "name": "Pologne", "cities": ["Varsovie", "Cracovie", "Łódź", "Wrocław", "Poznań"] },
  "PT": { "name": "Portugal", "cities": ["Lisbonne", "Porto", "Faro", "Coimbra"] },
  "QA": { "name": "Qatar", "cities": ["Doha"] },
  "RO": { "name": "Roumanie", "cities": ["Bucarest", "Cluj-Napoca", "Timișoara"] },
  "RU": { "name": "Russie", "cities": ["Moscou", "Saint-Pétersbourg", "Novossibirsk", "Iekaterinbourg"] },
  "RW": { "name": "Rwanda", "cities": ["Kigali"] },
  "KN": { "name": "Saint-Kitts-et-Nevis", "cities": ["Basseterre"] },
  "LC": { "name": "Sainte-Lucie", "cities": ["Castries"] },
  "VC": { "name": "Saint-Vincent-et-les-Grenadines", "cities": ["Kingstown"] },
  "WS": { "name": "Samoa", "cities": ["Apia"] },
  "SM": { "name": "Saint-Marin", "cities": ["Saint-Marin"] },
  "ST": { "name": "Sao Tomé-et-Principe", "cities": ["São Tomé"] },
  "SA": { "name": "Arabie saoudite", "cities": ["Riyad", "Djeddah", "La Mecque", "Médine"] },
  "SN": { "name": "Sénégal", "cities": ["Dakar", "Thiès"] },
  "RS": { "name": "Serbie", "cities": ["Belgrade", "Novi Sad"] },
  "SC": { "name": "Seychelles", "cities": ["Victoria"] },
  "SL": { "name": "Sierra Leone", "cities": ["Freetown"] },
  "SG": { "name": "Singapour", "cities": ["Singapour"] },
  "SK": { "name": "Slovaquie", "cities": ["Bratislava", "Košice"] },
  "SI": { "name": "Slovénie", "cities": ["Ljubljana", "Maribor"] },
  "SB": { "name": "Îles Salomon", "cities": ["Honiara"] },
  "SO": { "name": "Somalie", "cities": ["Mogadiscio"] },
  "ZA": { "name": "Afrique du Sud", "cities": ["Johannesburg", "Le Cap", "Durban", "Pretoria", "Port Elizabeth"] },
  "SS": { "name": "Soudan du Sud", "cities": ["Djouba"] },
  "ES": { "name": "Espagne", "cities": ["Madrid", "Barcelone", "Valence", "Séville", "Malaga", "Bilbao", "Murcie", "Palma"] },
  "LK": { "name": "Sri Lanka", "cities": ["Colombo", "Kandy"] },
  "SD": { "name": "Soudan", "cities": ["Khartoum"] },
  "SR": { "name": "Suriname", "cities": ["Paramaribo"] },
  "SE": { "name": "Suède", "cities": ["Stockholm", "Göteborg", "Malmö"] },
  "CH": { "name": "Suisse", "cities": ["Zurich", "Genève", "Bâle", "Berne", "Lausanne"] },
  "SY": { "name": "Syrie", "cities": ["Damas", "Alep"] },
  "TW": { "name": "Taïwan", "cities": ["Taipei", "Kaohsiung", "Taichung"] },
  "TJ": { "name": "Tadjikistan", "cities": ["Douchanbé"] },
  "TZ": { "name": "Tanzanie", "cities": ["Dar es Salaam", "Dodoma", "Zanzibar"] },
  "TH": { "name": "Thaïlande", "cities": ["Bangkok", "Chiang Mai", "Phuket", "Pattaya"] },
  "TL": { "name": "Timor oriental", "cities": ["Dili"] },
  "TG": { "name": "Togo", "cities": ["Lomé"] },
  "TO": { "name": "Tonga", "cities": ["Nuku'alofa"] },
  "TT": { "name": "Trinité-et-Tobago", "cities": ["Port-d'Espagne"] },
  "TN": { "name": "Tunisie", "cities": ["Tunis", "Sfax", "Sousse"] },
  "TR": { "name": "Turquie", "cities": ["Istanbul", "Ankara", "Izmir", "Antalya", "Bursa"] },
  "TM": { "name": "Turkménistan", "cities": ["Achgabat"] },
  "TV": { "name": "Tuvalu", "cities": ["Funafuti"] },
  "UG": { "name": "Ouganda", "cities": ["Kampala"] },
  "UA": { "name": "Ukraine", "cities": ["Kiev", "Kharkiv", "Odessa", "Lviv"] },
  "AE": { "name": "Émirats arabes unis", "cities": ["Dubaï", "Abu Dhabi", "Sharjah"] },
  "GB": { "name": "Royaume-Uni", "cities": ["Londres", "Manchester", "Birmingham", "Glasgow", "Liverpool", "Édimbourg", "Bristol"] },
  "US": { "name": "États-Unis", "cities": ["New York", "Los Angeles", "Chicago", "Houston", "Phoenix", "Philadelphie", "San Antonio", "San Diego", "Dallas", "San Francisco", "Miami", "Las Vegas", "Boston", "Seattle"] },
  "UY": { "name": "Uruguay", "cities": ["Montevideo"] },
  "UZ": { "name": "Ouzbékistan", "cities": ["Tachkent", "Samarcande"] },
  "VU": { "name": "Vanuatu", "cities": ["Port-Vila"] },
  "VA": { "name": "Vatican", "cities": ["Cité du Vatican"] },
  "VE": { "name": "Venezuela", "cities": ["Caracas", "Maracaibo", "Valencia"] },
  "VN": { "name": "Vietnam", "cities": ["Hanoï", "Hô Chi Minh-Ville", "Da Nang", "Haiphong"] },
  "YE": { "name": "Yémen", "cities": ["Sanaa", "Aden"] },
  "ZM": { "name": "Zambie", "cities": ["Lusaka", "Kitwe"] },
  "ZW": { "name": "Zimbabwe", "cities": ["Harare", "Bulawayo"] }
}
